patient_id,first_name,last_name,phone,Email,DOB,Address ,City ,State,ZipCode,Gender
1,Andrew,Goodman,846-790-4623x4715,marieyates@gomez-spencer.info,1945-11-15,562 Hidden Squaw,Rosenhayn,Louisiana,72673,M
2,Alvin,Lane,124-597-8652x05682,alexandra86@mccoy.com,1946-05-04,P.O. Box 70172,Rosalia,Arizona,12022,M
3,Jenna,Harding,(335)987-3085x3780,justincurtis@pierce.org,1953-12-08,12 Middle Hollow,Marco Island,Alaska,11719,M
4,Fernando,Ford,(047)752-3122,adeleon@hubbard.org,1965-04-10,P.O. Box 51656,Keedysville,Wyoming,22019,M
5,Kara,Woods,360-693-4419x19272,jesus90@roberson.info,1967-10-08,P.O. Box 20855,Poteau,Missouri,36696,F
6,Marissa,Gamble,001-645-334-5514x0786,katieallison@leonard.com,1997-03-18,722 Quaking Pony,Norwood Court,Nebraska,20745,M
7,Julie,Cooley,675-243-7422x9177,priscilla88@stephens.info,1978-02-13,221 Pleasant Narr,Rosemount,Colorado,45458,M
8,Lauren,Villa,081.226.1797x647,colehumphrey@austin-caldwell.com,2005-08-18,2223 Dusty Wagon H,Leoti,Arizona,37153,F
9,Emily,Bryant,430-401-5228x35091,buckyvonne@church-lutz.com,1952-03-18,231 Silent Strave,Calamus,Virginia,40055,M
10,Marie,Estrada,001-648-790-9244,christie44@mckenzie.biz,1993-03-03,P.O. Box 36080,Hi-Nella borough,New Hampshire,1146,F
11,Nichole,Cannon,647787401,blandry@henson-harris.biz,1976-05-08,P.O. Box 18633,Kemp,Minnesota,43926,F
12,Bernard,Ritter,292.313.1902,tammiepope@arroyo-baldwin.com,1965-12-08,P.O. Box 31291,Gold Hill,Hawaii,51959,M
13,Darryl,Archer,(389)437-1716,woodalejandro@skinner-sloan.biz,1980-08-17,98 Light Mill,Knights,South Carolina,19681,M
14,Ryan,Li,001-119-787-0125x4500,lmassey@duke.com,1956-02-26,27 Old Throughwa,Heber-Overgaard,Arkansas,23098,F
15,Vicki,Nunez,(217)474-0312,zgrant@sweeney.com,1995-08-30,673 Sunny Lawn,Woods borough,Arizona,79466,M
16,Sean,Townsend,001-534-283-5153,lkline@maxwell.info,1989-02-03,291 Amber Route,Channel Lake,Alaska,98879,M
17,Sophia,Mathis,001-858-762-7896x916,brockmason@faulkner-may.com,1973-03-25,328 Misty First,Pueblo,Idaho,8274,M
18,Helen,Potts,(140)862-2659,carrollmia@donovan-keith.com,1958-06-17,P.O. Box 42757,Gauley Bridge,North Carolina,26352,F
19,Joann,Finley,(941)715-8720x950,gabriela86@sampson.com,2007-03-02,282 Emerald Quay,Stilwell,Rhode Island,51837,F
20,Thomas,Walsh,679.326.0724,timcoleman@frank-king.org,2000-03-28,84 Shady Rise Ar,Sugar Notch borough,Vermont,85938,M
21,Cristina,Lam,4292705811,charlotte16@hood-zhang.org,1988-10-15,373 Colonial Seven,Big Rapids,Florida,6648,M
22,Vicki,Heath,(889)311-5580x6390,alan46@benjamin.com,1993-01-28,322 Misty Trail,Springview village,Connecticut,9853,M
23,Glenn,Wang,834.104.6424x8311,anna80@mata.com,1964-03-16,334 Deer Expressw,Ethel,Arkansas,63730,F
24,Darius,Benitez,797-864-3151x25142,garrettdurham@olsen.com,1946-01-24,555 Quiet Valley,Heckscherville,Oklahoma,20586,M
25,Xavier,Cruz,019-418-8625x65148,andersongrant@pugh.com,1948-02-17,777 Colonial Wago,Honaunau-Napoopoo,Hawaii,22357,F
26,Douglas,Galloway,205-528-2409x137,caleb11@velazquez.com,1955-05-20,102 Foggy Fort,Lake Kiowa,Wisconsin,39496,M
27,Phyllis,Becker,321-505-4969,darrylshort@bright-tucker.com,1998-11-29,P.O. Box 30409,Maple Lake,Massachusetts,77498,F
28,Ebony,Murphy,772-492-3142,vpowers@moyer.com,1949-01-14,P.O. Box 76637,Ormond-By-The-Sea,Washington,40848,F
29,Tyler,Stevenson,001-239-175-8518x52340,mmayo@gilbert.com,1953-09-25,333 Clear Fair,Byrds,Kentucky,89780,F
30,Cesar,Bernard,165-366-3660x432,damon31@grant-morrison.com,1952-08-29,889 Colonial Pony,Silvana,Virginia,65071,F
31,Darrell,Santos,001-604-858-6371,hdaniels@mason.com,2000-06-05,P.O. Box 38835,Minidoka,Florida,31204,M
32,Amanda,Santiago,218-803-3440x413,emmarasmussen@roman-walter.biz,2005-01-12,119 Panda Edge,Pomeroy village,California,94581,F
33,Marcus,Mcdonald,828.230.1201x748,cesar71@vang-wagner.com,1990-01-27,131 NW Elk Dam,Sound Beach,New York,4150,F
34,Lauren,Montes,001-999-585-7539x536,hodgebrenda@roach-winters.com,1952-01-04,116 Gate Vista,Ames,Florida,1803,M
35,Brent,Hinton,210.072.7539x0111,greg77@patel.biz,1964-01-29,P.O. Box 60339,Odenton,Oklahoma,44835,M
36,Jill,Mayo,160-747-3624x8230,brandypowers@christensen.com,1946-08-05,4 N Lodge,Black Mountain,Texas,63936,M
37,Herbert,Byrd,(969)981-1275x78285,gilloscar@webb.com,1948-12-07,3 Shady Oval,Big Horn,Arizona,99617,M
38,Don,Krueger,377-366-1889x912,trevor14@harvey.com,1962-02-07,1 NW Motorway,Wharton village,Ohio,22750,F
39,Cheryl,Gonzales,9016149714,yvette30@haas-oneill.org,1971-01-28,44 Prairie Fair,Mohnton borough,Hawaii,2241,F
40,Rickey,Mays,042-976-4714x26341,cmcdowell@riley-wolf.org,1954-09-06,444 Quaking Fillm,Bern,Georgia,70944,F
41,Cassidy,Dillon,001-433-237-3081x336,patrick43@stout.com,1945-02-08,934 Velvet Alley,Camp Verde,South Dakota,51425,M
42,Christina,Bautista,(964)671-6776,phenry@tate.biz,1956-08-02,78 Dawny Motorway,Amelia,Illinois,25770,F
43,Alexandra,Castro,469-312-3108x01224,swalters@harvey.biz,1967-06-21,101 SE Quail,Neck,Florida,71045,F
44,Krystal,Mendoza,001-116-661-7356,mjackson@david.com,1945-02-24,P.O. Box 38144,Weeping Water,Louisiana,19526,F
45,Ivan,Schroeder,524-391-9866,qgeorge@singh.com,1974-11-07,22 Noble Common,Valleyview village,New York,61034,F
46,Stephanie,Bradshaw,934-296-1820x843,debbie56@baker-olsen.com,1983-04-15,P.O. Box 68080,Turtle Lake village,Minnesota,25205,F
47,Levi,Grimes,325-527-6948,robertmarks@willis.com,1964-04-30,P.O. Box 85596,Caneyville,Nebraska,80731,M
48,Peter,Sosa,983.760.9410x39862,frederick02@gross.com,1966-06-30,999 Foggy Fourth,Brinkley,Louisiana,58744,M
49,Valerie,Haney,001-494-498-9432x8701,yowens@erickson-charles.com,2000-05-07,903 Silent Embers,Clintwood,Montana,76039,M
50,Tom,Gardner,(318)356-6855x56588,darin81@callahan.com,1971-04-14,818 Gentle Landin,Rockvillage,Idaho,54765,M
51,Randall,Galloway,(780)249-8976,stuart07@reid.com,1948-06-05,512 Squaw Bend,Chignik Lagoon,Iowa,49822,M
52,Perry,Whitaker,4490502967,jennynorton@randall.org,1974-02-18,1102 Horse Way,Stonegate,Iowa,49367,M
53,Gloria,Mosley,296-297-8174x50153,escobardeanna@sawyer-obrien.info,1984-03-19,P.O. Box 22588,Pringle,Ohio,97144,F
54,Cameron,Little,172-227-4743x55703,stephen57@sellers.com,1972-02-21,22 Robin Landing,Unalaska,Montana,96587,F
55,Glen,Gonzalez,494-494-0595,jschmidt@gardner-maldonado.com,1953-04-23,5 Honey Ranch,Castalia village,Massachusetts,62568,F
56,Melvin,Day,001-139-178-3697x23267,sheila46@ewing.org,1978-10-13,3 Easy Jetty,Southlake,West Virginia,58579,F
57,Kent,Salinas,(750)661-7527x2590,dustindelgado@west-khan.com,1978-03-09,3 Amber Forest,Dauphin borough,North Dakota,26591,M
58,Stacey,Martinez,001-070-431-1693x963,mikayla38@lawson-dougherty.com,1988-04-29,P.O. Box 85380,Rollingwood,Oklahoma,13496,M
59,Jennifer,Fleming,(534)969-8263,stoutalexandria@meza.com,1972-12-28,81 Lazy Plaza,Hopewell borough,Utah,2094,M
60,Teresa,Oconnell,104.566.7360x8307,hhahn@cantrell.net,1960-01-03,12 Goose Drive,Milford,Utah,20562,F
61,Bruce,Bass,170-094-5436x7579,gvang@woods.info,1972-12-27,P.O. Box 66113,Vale,South Carolina,60121,F
62,Sarah,Sweeney,423.393.5217x1573,lauren93@daniel-farley.com,1948-07-23,13 Stony Ironwoo,Tazewell,Rhode Island,69721,F
63,Eddie,Salinas,8092572517,franklinweiss@porter.net,1998-05-16,18 Middle Avenue,Congress,Alabama,21952,M
64,Trevor,Rowland,938.501.2065x13955,simpsonraven@liu.com,1952-10-03,22 Red Forge Wal,Rose Hill Acres,New Hampshire,13597,M
65,Marcus,Chang,479-020-6144x2452,deborah61@wagner.com,1986-04-22,P.O. Box 91447,Hypoluxo,Wyoming,2005,M
66,Sabrina,Roberts,252-641-5581x7135,brittneypotter@boyd-compton.com,1958-12-14,89 Burning Cross,McLoud,Mississippi,88464,M
67,Norman,French,364-757-7628x522,spearsfrank@mclean.com,1985-01-23,77 Lazy Ninth,Moran,North Dakota,60496,F
68,Lonnie,Novak,810-349-3016,manuel48@raymond.net,1975-01-12,15 Dusty Gardens,Brinkley,Wisconsin,49547,M
69,Casey,Bauer,001-649-360-4291x70493,marilynbender@daugherty.net,1976-01-30,82 Thunder Prair,Rancho Viejo,Virginia,69966,M
70,David,Goodman,(976)996-6527x679,ylutz@sawyer.com,1953-10-22,12 Course,Oglethorpe,Nebraska,65809,F
71,Garrett,Rosario,554-299-5195x7535,christiegeorge@dominguez.com,1989-05-15,44 Silver Wall,Windber borough,Ohio,75934,F
72,Colin,Vaughan,115-772-1697,wilsonyvonne@mcmillan.com,1949-02-04,P.O. Box 26579,Lesterville,Illinois,75248,M
73,Maxwell,Griffin,542-094-1063x74771,priscillaharrell@glass.com,2001-06-03,77 Pleasant Rest,Nags Head,South Dakota,62114,M
74,Diamond,Barnett,713.178.8679x870,gibbsemily@fisher.biz,1984-04-02,45 Flat Farms,Satsop,Pennsylvania,18535,M
75,Kellie,Munoz,597.376.0777x7873,lynnbooth@leach-lang.com,1981-10-01,33 Silent Sixth,Faxon,Rhode Island,25240,F
76,Sandy,Finley,492.301.8374,hmora@brock.com,1998-11-25,56 Cozy Station,West Elkton village,New York,85378,M
77,Katelyn,Petersen,888.775.5334x190,santosebony@foley.com,1948-01-11,88 Noble Rise Av,Tiptonville,Illinois,86131,M
78,Neil,Murray,915-049-4725x373,englishstefanie@braun.com,1957-06-30,90 Perkins Vista,Leachville,Tennessee,84195,M
79,Carlos,Wilcox,(439)435-7502x11237,toddlove@rogers.info,2001-12-24,P.O. Box 35513,Pecan Grove,Wyoming,88818,M
80,Adrienne,Lamb,012-588-1523x479,butlerroberta@mullen-pittman.net,1981-12-16,33 Bright Skyway,Ann Arbor,Ohio,61100,M
81,Traci,Levy,847-237-3203x0302,camposherbert@lang.com,1951-12-21,12 Fort Arcade,Nimmons,Michigan,85917,M
82,Tammy,Harmon,528-220-2228x19583,abigail05@mckee.info,1973-03-02,P.O. Box 17553,Wapakoneta,Nebraska,78760,M
83,Nicholas,Arias,650-979-8614x97335,boonealex@cardenas.info,1997-03-16,504 Butterfly Via,Crooks,New Jersey,15317,F
84,Sydney,Solis,591-223-5142x5192,ortegashane@li.com,1992-03-01,604 Robin Street,Fox Point village,South Carolina,29681,M
85,Jody,Beltran,836-853-8086x15445,fritzandres@morales.biz,1996-02-07,304 Forge Manor,Steelevillage,Idaho,51615,M
86,Autumn,Choi,374-961-9091x6048,varmstrong@braun.org,1987-08-31,733 Golden Crest,Ferry,Nebraska,18251,F
87,Chelsey,Boyer,001-290-975-0712x603,jonathon78@werner.com,2003-12-20,802 Pond Promenad,Martins Ferry,Georgia,52781,F
88,Trevor,Key,813.263.6136,bunderwood@owen.com,1945-07-07,105 Fox Meadow,Gang Mills,Missouri,99313,M
89,Bridget,Molina,001-062-757-0468x5881,jcochran@burgess-costa.com,1962-05-12,109 Broad Pony Pl,Labish Village,Maine,50345,M
90,Calvin,Rocha,069.698.1319,riveraisabel@harmon.net,1961-05-18,P.O. Box 41726,Wolf Trap,Indiana,51340,M
91,Austin,Matthews,598-879-1279x72499,stanleymeagan@gilmore-newton.com,1949-08-08,103 Grand Beach,Wiseman,Kentucky,78873,F
92,Molly,Murphy,(928)843-3496x36630,kathyhuff@white-liu.com,1978-02-02,209 Ferry Street,Obetz village,New Hampshire,73110,M
93,Jeremy,Haynes,748.955.1267x247,lawsonmicheal@atkins.com,1985-10-20,304 Burning Goose,Citrus Hills,New Mexico,21437,F
94,Don,Henry,001-004-280-4158x3147,diamondhinton@mccormick.biz,1960-03-05,12 Beacon Inlet,South Fork Estates,South Dakota,74701,M
95,Dakota,Bowman,707-196-7497,branchmegan@dougherty.com,1971-03-30,44 Fawn Tunnel,Evadale,New Mexico,80694,M
96,Manuel,Maynard,708-648-2498x1037,xingram@le.com,1990-03-31,403 Deer Plain,Fairwood,Illinois,67833,M
97,Howard,Simmons,001-259-817-5012,ronnie03@bird-hood.com,1959-12-06,522 Tawny Oak,Falkville,South Carolina,93009,M
98,Jeffery,Wall,(318)952-4565x2143,wanda50@webster.com,1963-12-27,1115 Burning Villa,Modesto village,Maryland,65029,M
99,Colleen,Estes,(198)286-0649x642,tricia22@barrera.com,1987-01-14,2389 Clear Berry D,Horn Lake,Alaska,25929,M
100,Bianca,Henry,942-219-2911x3796,alan83@olson.com,1981-05-17,12 Burning Beacon,North Valley Stream,Maryland,21891,F